address,paon,saon,street,locality,town,postcode,district,propertyType,estateId,estate,estateClassification,estateType,estateRuleId,estateRegistryVersion,estateEvidenceStatus,estateReviewStatus,price,date,market,category
"CASA SARA, HEATHERSIDE DRIVE, VIRGINIA WATER, GU25 4JU",CASA SARA,,HEATHERSIDE DRIVE,,VIRGINIA WATER,GU25 4JU,Runnymede,Detached,wentworth-estate,Wentworth Estate,A,traditional_private_estate,pe:wentworth-estate:heatherside-drive:whole,surrey-private-estates-2026-07-19-corrected-4,verified,partial_ready,13800000,2009-12-09,runnymede-wentworth,A
"CHINTHURST GRANGE, CHINTHURST LANE, WONERSH, GUILDFORD, GU5 0QH",CHINTHURST GRANGE,,CHINTHURST LANE,WONERSH,GUILDFORD,GU5 0QH,Guildford,Detached,,,,,,surrey-private-estates-2026-07-19-corrected-4,,,8700000,2009-11-27,guildford-district,A
"COMBE RISE, MUNSTEAD HEATH ROAD, GODALMING, GU8 4AR",COMBE RISE,,MUNSTEAD HEATH ROAD,,GODALMING,GU8 4AR,Waverley,Detached,,,,,,surrey-private-estates-2026-07-19-corrected-4,,,4505000,2009-11-17,waverley-south-surrey,A
"25A, BROADWATER CLOSE, HERSHAM, WALTON-ON-THAMES, KT12 5DD",25A,,BROADWATER CLOSE,HERSHAM,WALTON-ON-THAMES,KT12 5DD,Elmbridge,Detached,burwood-park,Burwood Park,A,traditional_private_estate,pe:burwood-park:broadwater-close:whole,surrey-private-estates-2026-07-19-corrected-4,verified,ready,3100000,2009-11-16,elmbridge-prime,A
"33, MEADWAY, ESHER, KT10 9HG",33,,MEADWAY,,ESHER,KT10 9HG,Elmbridge,Detached,,,,,,surrey-private-estates-2026-07-19-corrected-4,,,4175000,2009-11-12,elmbridge-prime,A
"HILLVIEW, YAFFLE ROAD, WEYBRIDGE, KT13 0QF",HILLVIEW,,YAFFLE ROAD,,WEYBRIDGE,KT13 0QF,Elmbridge,Detached,st-georges-hill,St George's Hill,A,traditional_private_estate,pe:st-georges-hill:yaffle-road:whole,surrey-private-estates-2026-07-19-corrected-4,verified,partial_ready,7600000,2009-11-06,elmbridge-prime,A
"CONNAUGHT HOUSE, CHRISTCHURCH ROAD, VIRGINIA WATER, GU25 4RW",CONNAUGHT HOUSE,,CHRISTCHURCH ROAD,,VIRGINIA WATER,GU25 4RW,Runnymede,Detached,,,,,,surrey-private-estates-2026-07-19-corrected-4,,,5250000,2009-10-23,runnymede-wentworth,A
"RIDGEWAY HOUSE, RUNWICK, FARNHAM, GU10 5EE",RIDGEWAY HOUSE,,,RUNWICK,FARNHAM,GU10 5EE,Waverley,Detached,,,,,,surrey-private-estates-2026-07-19-corrected-4,,,3550000,2009-10-15,waverley-south-surrey,A
"ORNSAY, WOODLANDS ROAD WEST, VIRGINIA WATER, GU25 4PN",ORNSAY,,WOODLANDS ROAD WEST,,VIRGINIA WATER,GU25 4PN,Runnymede,Detached,wentworth-estate,Wentworth Estate,A,traditional_private_estate,pe:wentworth-estate:woodlands-road-west:whole,surrey-private-estates-2026-07-19-corrected-4,verified,partial_ready,3000000,2009-10-14,runnymede-wentworth,A
"BROAD HOUSE, 6, BROAD HIGH WAY, COBHAM, KT11 2RP","BROAD HOUSE, 6",,BROAD HIGH WAY,,COBHAM,KT11 2RP,Elmbridge,Detached,oxshott-way-estate,Oxshott Way Estate,A,traditional_private_estate,pe:oxshott-way-estate:broad-highway:whole,surrey-private-estates-2026-07-19-corrected-4,verified,ready,3300000,2009-10-09,elmbridge-prime,A
"LAKE HOUSE, LAKE ROAD, VIRGINIA WATER, GU25 4QW",LAKE HOUSE,,LAKE ROAD,,VIRGINIA WATER,GU25 4QW,Runnymede,Detached,wentworth-estate,Wentworth Estate,A,traditional_private_estate,pe:wentworth-estate:lake-road:whole,surrey-private-estates-2026-07-19-corrected-4,verified,partial_ready,4500000,2009-10-01,runnymede-wentworth,A
"HOE HOUSE, FRANKSFIELD, PEASLAKE, GUILDFORD, GU5 9SR",HOE HOUSE,,FRANKSFIELD,PEASLAKE,GUILDFORD,GU5 9SR,Guildford,Detached,,,,,,surrey-private-estates-2026-07-19-corrected-4,,,4750000,2009-09-03,guildford-district,A
"6A, EATON PARK, COBHAM, KT11 2JE",6A,,EATON PARK,,COBHAM,KT11 2JE,Elmbridge,Detached,eaton-park,Eaton Park,A,traditional_private_estate,pe:eaton-park:eaton-park:whole,surrey-private-estates-2026-07-19-corrected-4,verified,ready,3100000,2009-08-19,elmbridge-prime,A
"JADICA, CAMP END ROAD, WEYBRIDGE, KT13 0NW",JADICA,,CAMP END ROAD,,WEYBRIDGE,KT13 0NW,Elmbridge,Detached,st-georges-hill,St George's Hill,A,traditional_private_estate,pe:st-georges-hill:camp-end-road:whole,surrey-private-estates-2026-07-19-corrected-4,verified,partial_ready,3000000,2009-08-04,elmbridge-prime,A
"YORK HOUSE, 12, BLACKHILLS, ESHER, KT10 9JW","YORK HOUSE, 12",,BLACKHILLS,,ESHER,KT10 9JW,Elmbridge,Detached,,,,,,surrey-private-estates-2026-07-19-corrected-4,,,3600000,2009-07-31,elmbridge-prime,A
"WARWICK HEIGHTS, WARWICKS BENCH LANE, GUILDFORD, GU1 3TP",WARWICK HEIGHTS,,WARWICKS BENCH LANE,,GUILDFORD,GU1 3TP,Guildford,Detached,,,,,,surrey-private-estates-2026-07-19-corrected-4,,,3000000,2009-07-31,guildford-district,A
"135, SILVERDALE AVENUE, WALTON-ON-THAMES, KT12 1EJ",135,,SILVERDALE AVENUE,,WALTON-ON-THAMES,KT12 1EJ,Elmbridge,Detached,,,,,,surrey-private-estates-2026-07-19-corrected-4,,,3000000,2009-07-31,elmbridge-prime,A
"6, CLAREMONT PARK ROAD, ESHER, KT10 9LT",6,,CLAREMONT PARK ROAD,,ESHER,KT10 9LT,Elmbridge,Detached,,,,,,surrey-private-estates-2026-07-19-corrected-4,,,3700000,2009-07-10,elmbridge-prime,A
"17, BADGERS HILL, VIRGINIA WATER, GU25 4SA",17,,BADGERS HILL,,VIRGINIA WATER,GU25 4SA,Runnymede,Detached,wentworth-estate,Wentworth Estate,A,traditional_private_estate,pe:wentworth-estate:badgers-hill:whole,surrey-private-estates-2026-07-19-corrected-4,verified,partial_ready,3150000,2009-07-08,runnymede-wentworth,A
"HIGHFIELD, WOODLANDS ROAD EAST, VIRGINIA WATER, GU25 4PH",HIGHFIELD,,WOODLANDS ROAD EAST,,VIRGINIA WATER,GU25 4PH,Runnymede,Detached,wentworth-estate,Wentworth Estate,A,traditional_private_estate,pe:wentworth-estate:woodlands-road-east:whole,surrey-private-estates-2026-07-19-corrected-4,verified,partial_ready,6000000,2009-07-03,runnymede-wentworth,A
"93, FAIRMILE LANE, COBHAM, KT11 2DD",93,,FAIRMILE LANE,,COBHAM,KT11 2DD,Elmbridge,Detached,,,,,,surrey-private-estates-2026-07-19-corrected-4,,,3125000,2009-06-22,elmbridge-prime,A
"2, PRINCES DRIVE, OXSHOTT, LEATHERHEAD, KT22 0UF",2,,PRINCES DRIVE,OXSHOTT,LEATHERHEAD,KT22 0UF,Elmbridge,Detached,,,,,,surrey-private-estates-2026-07-19-corrected-4,,,4922000,2009-06-16,elmbridge-prime,A
"SHEPLEY WOOD, SHEPLEY DRIVE, ASCOT, SL5 0LH",SHEPLEY WOOD,,SHEPLEY DRIVE,,ASCOT,SL5 0LH,Runnymede,Detached,,,,,,surrey-private-estates-2026-07-19-corrected-4,,,4450000,2009-06-01,runnymede-wentworth,A
"WILTON HOUSE, MOLES HILL, OXSHOTT, LEATHERHEAD, KT22 0QB",WILTON HOUSE,,MOLES HILL,OXSHOTT,LEATHERHEAD,KT22 0QB,Elmbridge,Detached,,,,,,surrey-private-estates-2026-07-19-corrected-4,,,3551000,2009-06-01,elmbridge-prime,A
"BRAMPTON HOUSE, 17, LEYS ROAD, OXSHOTT, LEATHERHEAD, KT22 0QE","BRAMPTON HOUSE, 17",,LEYS ROAD,OXSHOTT,LEATHERHEAD,KT22 0QE,Elmbridge,Detached,,,,,,surrey-private-estates-2026-07-19-corrected-4,,,5000000,2009-05-29,elmbridge-prime,A
"GARDENERS COTTAGE, ROMANY, PORTNALL RISE, VIRGINIA WATER, GU25 4JZ",ROMANY,GARDENERS COTTAGE,PORTNALL RISE,,VIRGINIA WATER,GU25 4JZ,Runnymede,Detached,wentworth-estate,Wentworth Estate,A,traditional_private_estate,pe:wentworth-estate:portnall-rise:whole,surrey-private-estates-2026-07-19-corrected-4,verified,partial_ready,4554000,2009-05-20,runnymede-wentworth,A
"9, CHARGATE CLOSE, HERSHAM, WALTON-ON-THAMES, KT12 5DW",9,,CHARGATE CLOSE,HERSHAM,WALTON-ON-THAMES,KT12 5DW,Elmbridge,Detached,burwood-park,Burwood Park,A,traditional_private_estate,pe:burwood-park:chargate-close:whole,surrey-private-estates-2026-07-19-corrected-4,verified,ready,3800000,2009-05-18,elmbridge-prime,A
"CEDARWOOD, OLD AVENUE, WEYBRIDGE, KT13 0QE",CEDARWOOD,,OLD AVENUE,,WEYBRIDGE,KT13 0QE,Elmbridge,Detached,,,,,,surrey-private-estates-2026-07-19-corrected-4,,,3800000,2009-05-08,elmbridge-prime,A
"CASTLEWOOD HOUSE, WICK LANE, ENGLEFIELD GREEN, EGHAM, TW20 0HT",CASTLEWOOD HOUSE,,WICK LANE,ENGLEFIELD GREEN,EGHAM,TW20 0HT,Runnymede,Detached,,,,,,surrey-private-estates-2026-07-19-corrected-4,,,3800000,2009-04-03,runnymede-wentworth,A
"HONEY HANGER, 17, EATON PARK, COBHAM, COBHAM, KT11 2JF","HONEY HANGER, 17",,EATON PARK,COBHAM,COBHAM,KT11 2JF,Elmbridge,Detached,eaton-park,Eaton Park,A,traditional_private_estate,pe:eaton-park:eaton-park:whole,surrey-private-estates-2026-07-19-corrected-4,verified,ready,3500000,2009-03-18,elmbridge-prime,A
"12, SPICERS FIELD, OXSHOTT, LEATHERHEAD, KT22 0UT",12,,SPICERS FIELD,OXSHOTT,LEATHERHEAD,KT22 0UT,Elmbridge,Detached,,,,,,surrey-private-estates-2026-07-19-corrected-4,,,3365000,2009-01-19,elmbridge-prime,A
"33, BROADWATER CLOSE, HERSHAM, WALTON-ON-THAMES, KT12 5DD",33,,BROADWATER CLOSE,HERSHAM,WALTON-ON-THAMES,KT12 5DD,Elmbridge,Detached,burwood-park,Burwood Park,A,traditional_private_estate,pe:burwood-park:broadwater-close:whole,surrey-private-estates-2026-07-19-corrected-4,verified,ready,3000000,2009-01-14,elmbridge-prime,A
"SILVERWOOD, QUEENS DRIVE, OXSHOTT, LEATHERHEAD, KT22 0PB",SILVERWOOD,,QUEENS DRIVE,OXSHOTT,LEATHERHEAD,KT22 0PB,Elmbridge,Detached,,,,,,surrey-private-estates-2026-07-19-corrected-4,,,3150000,2008-12-19,elmbridge-prime,A
"WHITE ORCHID, SPRING WOODS, VIRGINIA WATER, VIRGINIA WATER, GU25 4PW",WHITE ORCHID,,SPRING WOODS,VIRGINIA WATER,VIRGINIA WATER,GU25 4PW,Runnymede,Detached,wentworth-estate,Wentworth Estate,A,traditional_private_estate,pe:wentworth-estate:spring-woods:whole,surrey-private-estates-2026-07-19-corrected-4,verified,partial_ready,3700000,2008-12-12,runnymede-wentworth,A
"SANDHILLS, OUTWOOD LANE, BLETCHINGLEY, REDHILL, RH1 4LS",SANDHILLS,,OUTWOOD LANE,BLETCHINGLEY,REDHILL,RH1 4LS,Tandridge,Detached,,,,,,surrey-private-estates-2026-07-19-corrected-4,,,3000000,2008-12-12,tandridge-oxted,A
"SOMERSBURY MANOR, SOMERSBURY LANE, EWHURST, CRANLEIGH, GU6 7SR",SOMERSBURY MANOR,,SOMERSBURY LANE,EWHURST,CRANLEIGH,GU6 7SR,Waverley,Detached,,,,,,surrey-private-estates-2026-07-19-corrected-4,,,3532500,2008-12-08,waverley-south-surrey,A
"HIGHTREES, THE CHASE, KINGSWOOD, TADWORTH, KT20 6JD",HIGHTREES,,THE CHASE,KINGSWOOD,TADWORTH,KT20 6JD,Reigate and Banstead,Detached,,,,,,surrey-private-estates-2026-07-19-corrected-4,,,3200000,2008-11-07,reigate-banstead,A
"27, BROOMFIELD RIDE, OXSHOTT, LEATHERHEAD, KT22 0LP",27,,BROOMFIELD RIDE,OXSHOTT,LEATHERHEAD,KT22 0LP,Elmbridge,Detached,,,,,,surrey-private-estates-2026-07-19-corrected-4,,,4350000,2008-10-31,elmbridge-prime,A
"BRIDGE END HOUSE, HYDE LANE, OCKHAM, WOKING, GU23 6NS",BRIDGE END HOUSE,,HYDE LANE,OCKHAM,WOKING,GU23 6NS,Guildford,Detached,,,,,,surrey-private-estates-2026-07-19-corrected-4,,,3250000,2008-10-07,guildford-district,A
"27, OXSHOTT RISE, COBHAM, KT11 2RW",27,,OXSHOTT RISE,,COBHAM,KT11 2RW,Elmbridge,Detached,oxshott-way-estate,Oxshott Way Estate,A,traditional_private_estate,pe:oxshott-way-estate:oxshott-rise:whole,surrey-private-estates-2026-07-19-corrected-4,verified,ready,3250000,2008-09-12,elmbridge-prime,A
"THE GATEHOUSE, THE WOLDS, WARLINGHAM, CR6 9LU",THE GATEHOUSE,,THE WOLDS,,WARLINGHAM,CR6 9LU,Tandridge,Detached,,,,,,surrey-private-estates-2026-07-19-corrected-4,,,3800000,2008-09-05,tandridge-oxted,A
"DANEHILL, WEST DRIVE, VIRGINIA WATER, VIRGINIA WATER, GU25 4LY",DANEHILL,,WEST DRIVE,VIRGINIA WATER,VIRGINIA WATER,GU25 4LY,Runnymede,Detached,wentworth-estate,Wentworth Estate,A,traditional_private_estate,pe:wentworth-estate:west-drive:whole,surrey-private-estates-2026-07-19-corrected-4,verified,partial_ready,3400000,2008-08-29,runnymede-wentworth,A
"15, GOLDRINGS ROAD, OXSHOTT, LEATHERHEAD, KT22 0QP",15,,GOLDRINGS ROAD,OXSHOTT,LEATHERHEAD,KT22 0QP,Elmbridge,Detached,,,,,,surrey-private-estates-2026-07-19-corrected-4,,,3350000,2008-08-22,elmbridge-prime,A
"HEATHRIDGE HOUSE, MOLES HILL, OXSHOTT, LEATHERHEAD, KT22 0QB",HEATHRIDGE HOUSE,,MOLES HILL,OXSHOTT,LEATHERHEAD,KT22 0QB,Elmbridge,Detached,,,,,,surrey-private-estates-2026-07-19-corrected-4,,,3350000,2008-08-19,elmbridge-prime,A
"MUNSTEAD PLACE, HEATH LANE, GODALMING, GODALMING, GU7 1UN",MUNSTEAD PLACE,,HEATH LANE,GODALMING,GODALMING,GU7 1UN,Waverley,Detached,,,,,,surrey-private-estates-2026-07-19-corrected-4,,,3450000,2008-08-12,waverley-south-surrey,A
"DRAGON WYCK, OLD AVENUE, WEYBRIDGE, WEYBRIDGE, KT13 0PY",DRAGON WYCK,,OLD AVENUE,WEYBRIDGE,WEYBRIDGE,KT13 0PY,Elmbridge,Detached,,,,,,surrey-private-estates-2026-07-19-corrected-4,,,4350000,2008-08-11,elmbridge-prime,A
"LONGBOURN, SHERBOURNE DRIVE, ASCOT, ASCOT, SL5 0LG",LONGBOURN,,SHERBOURNE DRIVE,ASCOT,ASCOT,SL5 0LG,Runnymede,Detached,,,,,,surrey-private-estates-2026-07-19-corrected-4,,,4350000,2008-08-08,runnymede-wentworth,A
"5, CLARE HILL, ESHER, ESHER, KT10 9NA",5,,CLARE HILL,ESHER,ESHER,KT10 9NA,Elmbridge,Detached,,,,,,surrey-private-estates-2026-07-19-corrected-4,,,4000000,2008-06-30,elmbridge-prime,A
"HAVERSTOCK HOUSE, 1, KEEPERS WALK, VIRGINIA WATER, VIRGINIA WATER, GU25 4RU","HAVERSTOCK HOUSE, 1",,KEEPERS WALK,VIRGINIA WATER,VIRGINIA WATER,GU25 4RU,Runnymede,Detached,,,,,,surrey-private-estates-2026-07-19-corrected-4,,,5000000,2008-06-27,runnymede-wentworth,A
"TUGLEY FARM, PICKHURST ROAD, CHIDDINGFOLD, GODALMING, GU8 4TG",TUGLEY FARM,,PICKHURST ROAD,CHIDDINGFOLD,GODALMING,GU8 4TG,Waverley,Detached,,,,,,surrey-private-estates-2026-07-19-corrected-4,,,3850000,2008-05-28,waverley-south-surrey,A
"KIMBERLEY, SHERBOURNE DRIVE, ASCOT, ASCOT, SL5 0LG",KIMBERLEY,,SHERBOURNE DRIVE,ASCOT,ASCOT,SL5 0LG,Runnymede,Detached,,,,,,surrey-private-estates-2026-07-19-corrected-4,,,3750000,2008-04-21,runnymede-wentworth,A
"29, BLACKHILLS, ESHER, ESHER, KT10 9JP",29,,BLACKHILLS,ESHER,ESHER,KT10 9JP,Elmbridge,Detached,,,,,,surrey-private-estates-2026-07-19-corrected-4,,,4000000,2008-04-03,elmbridge-prime,A
"9, SANDOWN AVENUE, ESHER, ESHER, KT10 9NT",9,,SANDOWN AVENUE,ESHER,ESHER,KT10 9NT,Woking,Detached,,,,,,surrey-private-estates-2026-07-19-corrected-4,,,3150000,2008-03-25,woking-district,A
"19, LEYS ROAD, OXSHOTT, LEATHERHEAD, KT22 0QE",19,,LEYS ROAD,OXSHOTT,LEATHERHEAD,KT22 0QE,Elmbridge,Detached,,,,,,surrey-private-estates-2026-07-19-corrected-4,,,4750000,2008-03-14,elmbridge-prime,A
"29, WOLSEY ROAD, EAST MOLESEY, EAST MOLESEY, KT8 9EN",29,,WOLSEY ROAD,EAST MOLESEY,EAST MOLESEY,KT8 9EN,Elmbridge,Detached,,,,,,surrey-private-estates-2026-07-19-corrected-4,,,3000000,2008-03-12,elmbridge-prime,A
"FERNHURST, WEST ROAD, WEYBRIDGE, WEYBRIDGE, KT13 0LZ",FERNHURST,,WEST ROAD,WEYBRIDGE,WEYBRIDGE,KT13 0LZ,Elmbridge,Detached,st-georges-hill,St George's Hill,A,traditional_private_estate,pe:st-georges-hill:west-road:whole,surrey-private-estates-2026-07-19-corrected-4,verified,partial_ready,4000000,2008-03-06,elmbridge-prime,A
"COPTHORNE, PORTNALL DRIVE, VIRGINIA WATER, VIRGINIA WATER, GU25 4NR",COPTHORNE,,PORTNALL DRIVE,VIRGINIA WATER,VIRGINIA WATER,GU25 4NR,Runnymede,Detached,wentworth-estate,Wentworth Estate,A,traditional_private_estate,pe:wentworth-estate:portnall-drive:whole,surrey-private-estates-2026-07-19-corrected-4,verified,partial_ready,4650000,2008-02-29,runnymede-wentworth,A
"2, HAREBELL HILL, COBHAM, COBHAM, KT11 2RS",2,,HAREBELL HILL,COBHAM,COBHAM,KT11 2RS,Elmbridge,Detached,oxshott-way-estate,Oxshott Way Estate,A,traditional_private_estate,pe:oxshott-way-estate:harebell-hill:whole,surrey-private-estates-2026-07-19-corrected-4,verified,ready,4600000,2008-02-22,elmbridge-prime,A
"COPPERFIELDS, 14, BLACKHILLS, ESHER, ESHER, KT10 9JW","COPPERFIELDS, 14",,BLACKHILLS,ESHER,ESHER,KT10 9JW,Elmbridge,Detached,,,,,,surrey-private-estates-2026-07-19-corrected-4,,,3900000,2008-02-18,elmbridge-prime,A
"THE COPPICE, GODOLPHIN ROAD, WEYBRIDGE, WEYBRIDGE, KT13 0PT",THE COPPICE,,GODOLPHIN ROAD,WEYBRIDGE,WEYBRIDGE,KT13 0PT,Elmbridge,Detached,st-georges-hill,St George's Hill,A,traditional_private_estate,pe:st-georges-hill:godolphin-road:whole,surrey-private-estates-2026-07-19-corrected-4,verified,partial_ready,3975000,2008-02-01,elmbridge-prime,A
"FOXBURY, CRABTREE LANE, WESTHUMBLE, DORKING, RH5 6BQ",FOXBURY,,CRABTREE LANE,WESTHUMBLE,DORKING,RH5 6BQ,Mole Valley,Detached,,,,,,surrey-private-estates-2026-07-19-corrected-4,,,3250000,2008-01-31,mole-valley,A
"STUDIO FLAT, FORTUNA LODGE, SPRING WOODS, VIRGINIA WATER, VIRGINIA WATER, GU25 4PW",FORTUNA LODGE,STUDIO FLAT,SPRING WOODS,VIRGINIA WATER,VIRGINIA WATER,GU25 4PW,Runnymede,Detached,wentworth-estate,Wentworth Estate,A,traditional_private_estate,pe:wentworth-estate:spring-woods:whole,surrey-private-estates-2026-07-19-corrected-4,verified,partial_ready,4750000,2007-12-21,runnymede-wentworth,A
"HUMMING BIRD, SPRING WOODS, VIRGINIA WATER, GU25 4PW",HUMMING BIRD,,SPRING WOODS,,VIRGINIA WATER,GU25 4PW,Runnymede,Detached,wentworth-estate,Wentworth Estate,A,traditional_private_estate,pe:wentworth-estate:spring-woods:whole,surrey-private-estates-2026-07-19-corrected-4,verified,partial_ready,4750000,2007-12-21,runnymede-wentworth,A
"CIARALINN, WOODLANDS ROAD WEST, VIRGINIA WATER, VIRGINIA WATER, GU25 4PL",CIARALINN,,WOODLANDS ROAD WEST,VIRGINIA WATER,VIRGINIA WATER,GU25 4PL,Runnymede,Detached,wentworth-estate,Wentworth Estate,A,traditional_private_estate,pe:wentworth-estate:woodlands-road-west:whole,surrey-private-estates-2026-07-19-corrected-4,verified,partial_ready,3918000,2007-12-20,runnymede-wentworth,A
"CULLEN HOUSE, CAMP END ROAD, WEYBRIDGE, WEYBRIDGE, KT13 0NR",CULLEN HOUSE,,CAMP END ROAD,WEYBRIDGE,WEYBRIDGE,KT13 0NR,Elmbridge,Detached,st-georges-hill,St George's Hill,A,traditional_private_estate,pe:st-georges-hill:camp-end-road:whole,surrey-private-estates-2026-07-19-corrected-4,verified,partial_ready,4000000,2007-12-19,elmbridge-prime,A
"WENTWORTH GATE, EAST DRIVE, VIRGINIA WATER, VIRGINIA WATER, GU25 4JY",WENTWORTH GATE,,EAST DRIVE,VIRGINIA WATER,VIRGINIA WATER,GU25 4JY,Runnymede,Detached,wentworth-estate,Wentworth Estate,A,traditional_private_estate,pe:wentworth-estate:east-drive:whole,surrey-private-estates-2026-07-19-corrected-4,verified,partial_ready,3500000,2007-12-19,runnymede-wentworth,A
"WINTER PALACE, RIDGEMEAD ROAD, ENGLEFIELD GREEN, EGHAM, TW20 0YG",WINTER PALACE,,RIDGEMEAD ROAD,ENGLEFIELD GREEN,EGHAM,TW20 0YG,Runnymede,Detached,,,,,,surrey-private-estates-2026-07-19-corrected-4,,,3600000,2007-12-18,runnymede-wentworth,A
"CLIFDEN, STOKESHEATH ROAD, OXSHOTT, LEATHERHEAD, KT22 0PN",CLIFDEN,,STOKESHEATH ROAD,OXSHOTT,LEATHERHEAD,KT22 0PN,Elmbridge,Detached,,,,,,surrey-private-estates-2026-07-19-corrected-4,,,3900000,2007-12-14,elmbridge-prime,A
"CENTURION HOUSE, WEST ROAD, WEYBRIDGE, KT13 0LZ",CENTURION HOUSE,,WEST ROAD,,WEYBRIDGE,KT13 0LZ,Elmbridge,Detached,st-georges-hill,St George's Hill,A,traditional_private_estate,pe:st-georges-hill:west-road:whole,surrey-private-estates-2026-07-19-corrected-4,verified,partial_ready,4225000,2007-12-11,elmbridge-prime,A
"UPPER SYDENHURST, MILL LANE, CHIDDINGFOLD, GODALMING, GU8 4SJ",UPPER SYDENHURST,,MILL LANE,CHIDDINGFOLD,GODALMING,GU8 4SJ,Waverley,Detached,,,,,,surrey-private-estates-2026-07-19-corrected-4,,,3900000,2007-12-07,waverley-south-surrey,A
"BROOK HILL, AMLETS LANE, CRANLEIGH, CRANLEIGH, GU6 7DH",BROOK HILL,,AMLETS LANE,CRANLEIGH,CRANLEIGH,GU6 7DH,Waverley,Detached,,,,,,surrey-private-estates-2026-07-19-corrected-4,,,3300000,2007-12-06,waverley-south-surrey,A
"LITTLE HILL, PORTNALL ROAD, VIRGINIA WATER, GU25 4NZ",LITTLE HILL,,PORTNALL ROAD,,VIRGINIA WATER,GU25 4NZ,Runnymede,Detached,,,,,,surrey-private-estates-2026-07-19-corrected-4,,,6500000,2007-11-30,runnymede-wentworth,A
"LONG RIDGE, WEST DRIVE, VIRGINIA WATER, VIRGINIA WATER, GU25 4LY",LONG RIDGE,,WEST DRIVE,VIRGINIA WATER,VIRGINIA WATER,GU25 4LY,Runnymede,Detached,wentworth-estate,Wentworth Estate,A,traditional_private_estate,pe:wentworth-estate:west-drive:whole,surrey-private-estates-2026-07-19-corrected-4,verified,partial_ready,3500000,2007-11-16,runnymede-wentworth,A
"CHESTER GATE, 20, BADGERS HILL, VIRGINIA WATER, VIRGINIA WATER, GU25 4SA","CHESTER GATE, 20",,BADGERS HILL,VIRGINIA WATER,VIRGINIA WATER,GU25 4SA,Runnymede,Detached,wentworth-estate,Wentworth Estate,A,traditional_private_estate,pe:wentworth-estate:badgers-hill:whole,surrey-private-estates-2026-07-19-corrected-4,verified,partial_ready,3600000,2007-11-09,runnymede-wentworth,A
"25, WARWICKS BENCH, GUILDFORD, GUILDFORD, GU1 3TF",25,,WARWICKS BENCH,GUILDFORD,GUILDFORD,GU1 3TF,Guildford,Detached,,,,,,surrey-private-estates-2026-07-19-corrected-4,,,3155000,2007-10-25,guildford-district,A
"HURTMORE HOUSE, ELSTEAD ROAD, SHACKLEFORD, GODALMING, GU8 6AY",HURTMORE HOUSE,,ELSTEAD ROAD,SHACKLEFORD,GODALMING,GU8 6AY,Guildford,Detached,,,,,,surrey-private-estates-2026-07-19-corrected-4,,,3550000,2007-10-19,guildford-district,A
"10, ICKLINGHAM ROAD, COBHAM, COBHAM, KT11 2NG",10,,ICKLINGHAM ROAD,COBHAM,COBHAM,KT11 2NG,Elmbridge,Detached,,,,,,surrey-private-estates-2026-07-19-corrected-4,,,3250000,2007-10-19,elmbridge-prime,A
"ROBIN HILL, HEATHERSIDE DRIVE, VIRGINIA WATER, VIRGINIA WATER, GU25 4JU",ROBIN HILL,,HEATHERSIDE DRIVE,VIRGINIA WATER,VIRGINIA WATER,GU25 4JU,Runnymede,Detached,wentworth-estate,Wentworth Estate,A,traditional_private_estate,pe:wentworth-estate:heatherside-drive:whole,surrey-private-estates-2026-07-19-corrected-4,verified,partial_ready,5000000,2007-10-09,runnymede-wentworth,A
"KALSI HOUSE, CHRISTCHURCH ROAD, VIRGINIA WATER, VIRGINIA WATER, GU25 4RW",KALSI HOUSE,,CHRISTCHURCH ROAD,VIRGINIA WATER,VIRGINIA WATER,GU25 4RW,Runnymede,Detached,,,,,,surrey-private-estates-2026-07-19-corrected-4,,,4200000,2007-10-05,runnymede-wentworth,A
"FLAGSTAFF HOUSE, SEVEN HILLS ROAD, WALTON-ON-THAMES, WALTON-ON-THAMES, KT12 4DE",FLAGSTAFF HOUSE,,SEVEN HILLS ROAD,WALTON-ON-THAMES,WALTON-ON-THAMES,KT12 4DE,Elmbridge,Detached,,,,,,surrey-private-estates-2026-07-19-corrected-4,,,6250000,2007-10-03,elmbridge-prime,A
"WIDEWOODS, HORSHAM LANE, EWHURST, CRANLEIGH, GU6 7SW",WIDEWOODS,,HORSHAM LANE,EWHURST,CRANLEIGH,GU6 7SW,Waverley,Detached,,,,,,surrey-private-estates-2026-07-19-corrected-4,,,5000000,2007-10-03,waverley-south-surrey,A
"KNIGHTS COURT, WHITE KNIGHTS ROAD, WEYBRIDGE, KT13 0JS",KNIGHTS COURT,,WHITE KNIGHTS ROAD,,WEYBRIDGE,KT13 0JS,Elmbridge,Detached,st-georges-hill,St George's Hill,A,traditional_private_estate,pe:st-georges-hill:white-knights-road:whole,surrey-private-estates-2026-07-19-corrected-4,verified,partial_ready,3550000,2007-09-28,elmbridge-prime,A
"FLINT HOUSE, THE RIDGE, WOLDINGHAM, CATERHAM, CR3 7AN",FLINT HOUSE,,THE RIDGE,WOLDINGHAM,CATERHAM,CR3 7AN,Tandridge,Detached,,,,,,surrey-private-estates-2026-07-19-corrected-4,,,3000000,2007-09-28,tandridge-oxted,A
"HEATHERDALE, SOUTH ROAD, ST GEORGES HILL, WEYBRIDGE, KT13 0NA",HEATHERDALE,,SOUTH ROAD,ST GEORGES HILL,WEYBRIDGE,KT13 0NA,Elmbridge,Detached,st-georges-hill,St George's Hill,A,traditional_private_estate,pe:st-georges-hill:south-road:whole,surrey-private-estates-2026-07-19-corrected-4,verified,partial_ready,3040000,2007-09-27,elmbridge-prime,A
"HYDON END, FEATHERCOMBE LANE, HAMBLEDON, GODALMING, GU8 4DP",HYDON END,,FEATHERCOMBE LANE,HAMBLEDON,GODALMING,GU8 4DP,Waverley,Detached,,,,,,surrey-private-estates-2026-07-19-corrected-4,,,7250000,2007-09-21,waverley-south-surrey,A
"SANDLEA HOUSE, SANDPIT HALL ROAD, CHOBHAM, WOKING, GU24 8HA",SANDLEA HOUSE,,SANDPIT HALL ROAD,CHOBHAM,WOKING,GU24 8HA,Surrey Heath,Detached,,,,,,surrey-private-estates-2026-07-19-corrected-4,,,3090000,2007-09-14,surrey-heath,A
"WEST END HOUSE, WEST END LANE, FRENSHAM, FARNHAM, GU10 3EP",WEST END HOUSE,,WEST END LANE,FRENSHAM,FARNHAM,GU10 3EP,Waverley,Detached,,,,,,surrey-private-estates-2026-07-19-corrected-4,,,4500000,2007-09-10,waverley-south-surrey,A
"WARREN KEEP, STOKESHEATH ROAD, OXSHOTT, LEATHERHEAD, KT22 0PS",WARREN KEEP,,STOKESHEATH ROAD,OXSHOTT,LEATHERHEAD,KT22 0PS,Elmbridge,Detached,,,,,,surrey-private-estates-2026-07-19-corrected-4,,,4100000,2007-09-07,elmbridge-prime,A
"BRACKENDALE, NORTH DRIVE, VIRGINIA WATER, VIRGINIA WATER, GU25 4NL",BRACKENDALE,,NORTH DRIVE,VIRGINIA WATER,VIRGINIA WATER,GU25 4NL,Runnymede,Detached,wentworth-estate,Wentworth Estate,A,traditional_private_estate,pe:wentworth-estate:north-drive:whole,surrey-private-estates-2026-07-19-corrected-4,verified,partial_ready,3950000,2007-08-30,runnymede-wentworth,A
"3, MANOR HOUSE DRIVE, HERSHAM, WALTON-ON-THAMES, KT12 5DF",3,,MANOR HOUSE DRIVE,HERSHAM,WALTON-ON-THAMES,KT12 5DF,Elmbridge,Detached,burwood-park,Burwood Park,A,traditional_private_estate,pe:burwood-park:manor-house-drive:whole,surrey-private-estates-2026-07-19-corrected-4,verified,ready,3000000,2007-08-30,elmbridge-prime,A
"AMARA, 7, ABBOTS DRIVE, VIRGINIA WATER, VIRGINIA WATER, GU25 4SE","AMARA, 7",,ABBOTS DRIVE,VIRGINIA WATER,VIRGINIA WATER,GU25 4SE,Runnymede,Detached,wentworth-estate,Wentworth Estate,A,traditional_private_estate,pe:wentworth-estate:abbots-drive:whole,surrey-private-estates-2026-07-19-corrected-4,verified,partial_ready,3450000,2007-08-29,runnymede-wentworth,A
"OAK HOUSE, FAIROAK CLOSE, OXSHOTT, LEATHERHEAD, KT22 0TJ",OAK HOUSE,,FAIROAK CLOSE,OXSHOTT,LEATHERHEAD,KT22 0TJ,Elmbridge,Detached,,,,,,surrey-private-estates-2026-07-19-corrected-4,,,3000000,2007-08-29,elmbridge-prime,A
"FIELDHEAD HOUSE, CHURCH HILL, SHAMLEY GREEN, GUILDFORD, GU5 0UD",FIELDHEAD HOUSE,,CHURCH HILL,SHAMLEY GREEN,GUILDFORD,GU5 0UD,Waverley,Detached,,,,,,surrey-private-estates-2026-07-19-corrected-4,,,3250000,2007-08-23,waverley-south-surrey,A
"19, SPICERS FIELD, OXSHOTT, LEATHERHEAD, KT22 0UT",19,,SPICERS FIELD,OXSHOTT,LEATHERHEAD,KT22 0UT,Elmbridge,Detached,,,,,,surrey-private-estates-2026-07-19-corrected-4,,,5815000,2007-08-17,elmbridge-prime,A
"CIARALINN, WOODLANDS ROAD WEST, VIRGINIA WATER, VIRGINIA WATER, GU25 4PL",CIARALINN,,WOODLANDS ROAD WEST,VIRGINIA WATER,VIRGINIA WATER,GU25 4PL,Runnymede,Detached,wentworth-estate,Wentworth Estate,A,traditional_private_estate,pe:wentworth-estate:woodlands-road-west:whole,surrey-private-estates-2026-07-19-corrected-4,verified,partial_ready,3650000,2007-08-17,runnymede-wentworth,A
"HIGH TREES, THE CHASE, OXSHOTT, LEATHERHEAD, KT22 0HR",HIGH TREES,,THE CHASE,OXSHOTT,LEATHERHEAD,KT22 0HR,Elmbridge,Detached,knott-park,Knott Park,A,traditional_private_estate,pe:knott-park:the-chase:segment,surrey-private-estates-2026-07-19-corrected-4,verified,ready,3100000,2007-08-15,elmbridge-prime,A
"BRACKEN HOUSE, WOODLANDS ROAD WEST, VIRGINIA WATER, VIRGINIA WATER, GU25 4PL",BRACKEN HOUSE,,WOODLANDS ROAD WEST,VIRGINIA WATER,VIRGINIA WATER,GU25 4PL,Runnymede,Detached,wentworth-estate,Wentworth Estate,A,traditional_private_estate,pe:wentworth-estate:woodlands-road-west:whole,surrey-private-estates-2026-07-19-corrected-4,verified,partial_ready,5250000,2007-08-14,runnymede-wentworth,A
"PISCES, RODONA ROAD, WEYBRIDGE, WEYBRIDGE, KT13 0NP",PISCES,,RODONA ROAD,WEYBRIDGE,WEYBRIDGE,KT13 0NP,Elmbridge,Detached,st-georges-hill,St George's Hill,A,traditional_private_estate,pe:st-georges-hill:rodona-road:whole,surrey-private-estates-2026-07-19-corrected-4,verified,partial_ready,3500000,2007-07-25,elmbridge-prime,A
"RAVENRIDGE, CAMP END ROAD, WEYBRIDGE, KT13 0NR",RAVENRIDGE,,CAMP END ROAD,,WEYBRIDGE,KT13 0NR,Elmbridge,Detached,st-georges-hill,St George's Hill,A,traditional_private_estate,pe:st-georges-hill:camp-end-road:whole,surrey-private-estates-2026-07-19-corrected-4,verified,partial_ready,3300000,2007-07-23,elmbridge-prime,A
"UPPER RIBSDEN, CHERTSEY ROAD, WINDLESHAM, WINDLESHAM, GU20 6HX",UPPER RIBSDEN,,CHERTSEY ROAD,WINDLESHAM,WINDLESHAM,GU20 6HX,Surrey Heath,Detached,,,,,,surrey-private-estates-2026-07-19-corrected-4,,,3400000,2007-07-19,surrey-heath,A
"HILL HOUSE FARM, SOMERSBURY LANE, RUDGWICK, HORSHAM, RH12 3AT",HILL HOUSE FARM,,SOMERSBURY LANE,RUDGWICK,HORSHAM,RH12 3AT,Waverley,Detached,,,,,,surrey-private-estates-2026-07-19-corrected-4,,,3000000,2007-07-16,waverley-south-surrey,A
"11, FURZE FIELD, OXSHOTT, LEATHERHEAD, KT22 0UR",11,,FURZE FIELD,OXSHOTT,LEATHERHEAD,KT22 0UR,Elmbridge,Detached,,,,,,surrey-private-estates-2026-07-19-corrected-4,,,3000000,2007-07-10,elmbridge-prime,A
"BLANDINGS, PINEWOOD ROAD, VIRGINIA WATER, VIRGINIA WATER, GU25 4PA",BLANDINGS,,PINEWOOD ROAD,VIRGINIA WATER,VIRGINIA WATER,GU25 4PA,Runnymede,Detached,wentworth-estate,Wentworth Estate,A,traditional_private_estate,pe:wentworth-estate:pinewood-road:whole,surrey-private-estates-2026-07-19-corrected-4,verified,partial_ready,6500000,2007-07-06,runnymede-wentworth,A
"CARRICK HOUSE, SPRING WOODS, VIRGINIA WATER, VIRGINIA WATER, GU25 4PW",CARRICK HOUSE,,SPRING WOODS,VIRGINIA WATER,VIRGINIA WATER,GU25 4PW,Runnymede,Detached,wentworth-estate,Wentworth Estate,A,traditional_private_estate,pe:wentworth-estate:spring-woods:whole,surrey-private-estates-2026-07-19-corrected-4,verified,partial_ready,4875000,2007-07-06,runnymede-wentworth,A
"63, ASHLEY PARK AVENUE, WALTON-ON-THAMES, WALTON-ON-THAMES, KT12 1EU",63,,ASHLEY PARK AVENUE,WALTON-ON-THAMES,WALTON-ON-THAMES,KT12 1EU,Elmbridge,Detached,,,,,,surrey-private-estates-2026-07-19-corrected-4,,,3150000,2007-07-06,elmbridge-prime,A
"LITTLE HILL, PORTNALL ROAD, VIRGINIA WATER, GU25 4NZ",LITTLE HILL,,PORTNALL ROAD,,VIRGINIA WATER,GU25 4NZ,Runnymede,Detached,,,,,,surrey-private-estates-2026-07-19-corrected-4,,,3500000,2007-07-05,runnymede-wentworth,A
"COMPTON HOUSE, LAKE ROAD, VIRGINIA WATER, VIRGINIA WATER, GU25 4QW",COMPTON HOUSE,,LAKE ROAD,VIRGINIA WATER,VIRGINIA WATER,GU25 4QW,Runnymede,Detached,wentworth-estate,Wentworth Estate,A,traditional_private_estate,pe:wentworth-estate:lake-road:whole,surrey-private-estates-2026-07-19-corrected-4,verified,partial_ready,3600000,2007-06-26,runnymede-wentworth,A
"MEDOMSLEY, CAMP END ROAD, WEYBRIDGE, WEYBRIDGE, KT13 0NU",MEDOMSLEY,,CAMP END ROAD,WEYBRIDGE,WEYBRIDGE,KT13 0NU,Elmbridge,Detached,st-georges-hill,St George's Hill,A,traditional_private_estate,pe:st-georges-hill:camp-end-road:whole,surrey-private-estates-2026-07-19-corrected-4,verified,partial_ready,3400000,2007-06-25,elmbridge-prime,A
"9, CLAREMONT DRIVE, ESHER, ESHER, KT10 9LU",9,,CLAREMONT DRIVE,ESHER,ESHER,KT10 9LU,Elmbridge,Detached,,,,,,surrey-private-estates-2026-07-19-corrected-4,,,3400000,2007-06-21,elmbridge-prime,A
"HEATHERLEA HOUSE, EAST ROAD, WEYBRIDGE, WEYBRIDGE, KT13 0LD",HEATHERLEA HOUSE,,EAST ROAD,WEYBRIDGE,WEYBRIDGE,KT13 0LD,Elmbridge,Detached,st-georges-hill,St George's Hill,A,traditional_private_estate,pe:st-georges-hill:east-road:whole,surrey-private-estates-2026-07-19-corrected-4,verified,partial_ready,4600000,2007-06-18,elmbridge-prime,A
"22, ESHER PARK AVENUE, ESHER, KT10 9NP",22,,ESHER PARK AVENUE,,ESHER,KT10 9NP,Elmbridge,Detached,,,,,,surrey-private-estates-2026-07-19-corrected-4,,,6000000,2007-06-13,elmbridge-prime,A
"THE COTTAGE, BRIMSHOTT FARM, RED LION ROAD, CHOBHAM, WOKING, GU24 8RG",BRIMSHOTT FARM,THE COTTAGE,RED LION ROAD,CHOBHAM,WOKING,GU24 8RG,Surrey Heath,Detached,,,,,,surrey-private-estates-2026-07-19-corrected-4,,,4500000,2007-06-13,surrey-heath,A
"15, KINGS WARREN, OXSHOTT, LEATHERHEAD, KT22 0PE",15,,KINGS WARREN,OXSHOTT,LEATHERHEAD,KT22 0PE,Elmbridge,Detached,,,,,,surrey-private-estates-2026-07-19-corrected-4,,,3050000,2007-05-31,elmbridge-prime,A
"MARK ASH, ABINGER LANE, ABINGER COMMON, DORKING, RH5 6JA",MARK ASH,,ABINGER LANE,ABINGER COMMON,DORKING,RH5 6JA,Mole Valley,Detached,,,,,,surrey-private-estates-2026-07-19-corrected-4,,,3750000,2007-05-30,mole-valley,A
"BINTON HALL, BINTON LANE, SEALE, FARNHAM, GU10 1LG",BINTON HALL,,BINTON LANE,SEALE,FARNHAM,GU10 1LG,Guildford,Detached,,,,,,surrey-private-estates-2026-07-19-corrected-4,,,3352830,2007-05-29,guildford-district,A
"WILTON HOUSE, MOLES HILL, OXSHOTT, LEATHERHEAD, KT22 0QB",WILTON HOUSE,,MOLES HILL,OXSHOTT,LEATHERHEAD,KT22 0QB,Elmbridge,Detached,,,,,,surrey-private-estates-2026-07-19-corrected-4,,,3325000,2007-05-10,elmbridge-prime,A
"GREEN PLACE, THE STREET, WONERSH, GUILDFORD, GU5 0PF",GREEN PLACE,,THE STREET,WONERSH,GUILDFORD,GU5 0PF,Waverley,Detached,,,,,,surrey-private-estates-2026-07-19-corrected-4,,,3000000,2007-05-10,waverley-south-surrey,A
"6, MONTROSE GARDENS, OXSHOTT, LEATHERHEAD, KT22 0UU",6,,MONTROSE GARDENS,OXSHOTT,LEATHERHEAD,KT22 0UU,Elmbridge,Detached,,,,,,surrey-private-estates-2026-07-19-corrected-4,,,3500000,2007-05-01,elmbridge-prime,A
"DOWNS RYSE, NORTHDOWN LANE, GUILDFORD, GU1 3TS",DOWNS RYSE,,NORTHDOWN LANE,,GUILDFORD,GU1 3TS,Guildford,Detached,,,,,,surrey-private-estates-2026-07-19-corrected-4,,,3000000,2007-05-01,guildford-district,A
"RANMORE COURT, HOGDEN LANE, RANMORE COMMON, DORKING, RH5 6SY",RANMORE COURT,,HOGDEN LANE,RANMORE COMMON,DORKING,RH5 6SY,Mole Valley,Detached,,,,,,surrey-private-estates-2026-07-19-corrected-4,,,4501000,2007-04-30,mole-valley,A
"WHITE HOUSE, GOLF CLUB ROAD, WEYBRIDGE, WEYBRIDGE, KT13 0NJ",WHITE HOUSE,,GOLF CLUB ROAD,WEYBRIDGE,WEYBRIDGE,KT13 0NJ,Elmbridge,Detached,st-georges-hill,St George's Hill,A,traditional_private_estate,pe:st-georges-hill:golf-club-road:whole,surrey-private-estates-2026-07-19-corrected-4,verified,partial_ready,4300000,2007-04-30,elmbridge-prime,A
"HERONSPOOL, ACCOMMODATION ROAD, LONGCROSS, CHERTSEY, KT16 0EJ",HERONSPOOL,,ACCOMMODATION ROAD,LONGCROSS,CHERTSEY,KT16 0EJ,Runnymede,Detached,,,,,,surrey-private-estates-2026-07-19-corrected-4,,,3750000,2007-03-28,runnymede-wentworth,A
"LONG MILE, OLD AVENUE, WEYBRIDGE, WEYBRIDGE, KT13 0PY",LONG MILE,,OLD AVENUE,WEYBRIDGE,WEYBRIDGE,KT13 0PY,Elmbridge,Detached,,,,,,surrey-private-estates-2026-07-19-corrected-4,,,4060000,2007-03-20,elmbridge-prime,A
"THE RED LODGE, BISHOPSGATE ROAD, ENGLEFIELD GREEN, EGHAM, TW20 0YJ",THE RED LODGE,,BISHOPSGATE ROAD,ENGLEFIELD GREEN,EGHAM,TW20 0YJ,Runnymede,Detached,,,,,,surrey-private-estates-2026-07-19-corrected-4,,,4850000,2007-03-16,runnymede-wentworth,A
"WOODSOME CORNER, EAST ROAD, WEYBRIDGE, WEYBRIDGE, KT13 0LD",WOODSOME CORNER,,EAST ROAD,WEYBRIDGE,WEYBRIDGE,KT13 0LD,Elmbridge,Detached,st-georges-hill,St George's Hill,A,traditional_private_estate,pe:st-georges-hill:east-road:whole,surrey-private-estates-2026-07-19-corrected-4,verified,partial_ready,3850000,2007-03-09,elmbridge-prime,A
"CATALINA, PORTNALL RISE, VIRGINIA WATER, VIRGINIA WATER, GU25 4JZ",CATALINA,,PORTNALL RISE,VIRGINIA WATER,VIRGINIA WATER,GU25 4JZ,Runnymede,Detached,wentworth-estate,Wentworth Estate,A,traditional_private_estate,pe:wentworth-estate:portnall-rise:whole,surrey-private-estates-2026-07-19-corrected-4,verified,partial_ready,4450000,2007-03-01,runnymede-wentworth,A
"WHITE HOUSE, GOLF CLUB ROAD, WEYBRIDGE, WEYBRIDGE, KT13 0NJ",WHITE HOUSE,,GOLF CLUB ROAD,WEYBRIDGE,WEYBRIDGE,KT13 0NJ,Elmbridge,Detached,st-georges-hill,St George's Hill,A,traditional_private_estate,pe:st-georges-hill:golf-club-road:whole,surrey-private-estates-2026-07-19-corrected-4,verified,partial_ready,3300000,2007-03-01,elmbridge-prime,A
"7, KINGS WARREN, OXSHOTT, LEATHERHEAD, KT22 0PE",7,,KINGS WARREN,OXSHOTT,LEATHERHEAD,KT22 0PE,Elmbridge,Detached,,,,,,surrey-private-estates-2026-07-19-corrected-4,,,3000000,2007-03-01,elmbridge-prime,A
"REYNWOOD, NORTH DRIVE, VIRGINIA WATER, VIRGINIA WATER, GU25 4NQ",REYNWOOD,,NORTH DRIVE,VIRGINIA WATER,VIRGINIA WATER,GU25 4NQ,Runnymede,Detached,wentworth-estate,Wentworth Estate,A,traditional_private_estate,pe:wentworth-estate:north-drive:whole,surrey-private-estates-2026-07-19-corrected-4,verified,partial_ready,3000000,2007-02-09,runnymede-wentworth,A
"12, SPICERS FIELD, OXSHOTT, LEATHERHEAD, KT22 0UT",12,,SPICERS FIELD,OXSHOTT,LEATHERHEAD,KT22 0UT,Elmbridge,Detached,,,,,,surrey-private-estates-2026-07-19-corrected-4,,,3450000,2007-01-26,elmbridge-prime,A
"HATTON HOUSE, HATTON HILL, WINDLESHAM, WINDLESHAM, GU20 6AB",HATTON HOUSE,,HATTON HILL,WINDLESHAM,WINDLESHAM,GU20 6AB,Surrey Heath,Detached,,,,,,surrey-private-estates-2026-07-19-corrected-4,,,4500000,2007-01-19,surrey-heath,A
"THE WHITE HOUSE, SUNNINGHILL ROAD, WINDLESHAM, GU20 6PP",THE WHITE HOUSE,,SUNNINGHILL ROAD,,WINDLESHAM,GU20 6PP,Surrey Heath,Detached,,,,,,surrey-private-estates-2026-07-19-corrected-4,,,3500000,2007-01-19,surrey-heath,A
"KENWOOD, WOOD LANE, WEYBRIDGE, WEYBRIDGE, KT13 0JU",KENWOOD,,WOOD LANE,WEYBRIDGE,WEYBRIDGE,KT13 0JU,Elmbridge,Detached,st-georges-hill,St George's Hill,A,traditional_private_estate,pe:st-georges-hill:wood-lane:whole,surrey-private-estates-2026-07-19-corrected-4,verified,partial_ready,5800000,2007-01-15,elmbridge-prime,A
"CORNERWAYS, WEST ROAD, WEYBRIDGE, WEYBRIDGE, KT13 0LY",CORNERWAYS,,WEST ROAD,WEYBRIDGE,WEYBRIDGE,KT13 0LY,Elmbridge,Detached,st-georges-hill,St George's Hill,A,traditional_private_estate,pe:st-georges-hill:west-road:whole,surrey-private-estates-2026-07-19-corrected-4,verified,partial_ready,4425000,2007-01-05,elmbridge-prime,A
"KINGS COPSE, WAVERLEY DRIVE, VIRGINIA WATER, VIRGINIA WATER, GU25 4PZ",KINGS COPSE,,WAVERLEY DRIVE,VIRGINIA WATER,VIRGINIA WATER,GU25 4PZ,Runnymede,Detached,wentworth-estate,Wentworth Estate,A,traditional_private_estate,pe:wentworth-estate:waverley-drive:whole,surrey-private-estates-2026-07-19-corrected-4,verified,partial_ready,3350000,2006-12-15,runnymede-wentworth,A
"49, MEADWAY, ESHER, ESHER, KT10 9HG",49,,MEADWAY,ESHER,ESHER,KT10 9HG,Elmbridge,Detached,,,,,,surrey-private-estates-2026-07-19-corrected-4,,,3000000,2006-12-12,elmbridge-prime,A
"HAWTHORNE HOUSE, 6, ABBOTSWOOD DRIVE, WEYBRIDGE, WEYBRIDGE, KT13 0LT","HAWTHORNE HOUSE, 6",,ABBOTSWOOD DRIVE,WEYBRIDGE,WEYBRIDGE,KT13 0LT,Elmbridge,Detached,st-georges-hill,St George's Hill,A,traditional_private_estate,pe:st-georges-hill:abbotswood-drive:whole,surrey-private-estates-2026-07-19-corrected-4,verified,partial_ready,3510000,2006-12-11,elmbridge-prime,A
"MOUNT HOUSE, WAVERLEY DRIVE, VIRGINIA WATER, VIRGINIA WATER, GU25 4PZ",MOUNT HOUSE,,WAVERLEY DRIVE,VIRGINIA WATER,VIRGINIA WATER,GU25 4PZ,Runnymede,Detached,wentworth-estate,Wentworth Estate,A,traditional_private_estate,pe:wentworth-estate:waverley-drive:whole,surrey-private-estates-2026-07-19-corrected-4,verified,partial_ready,7100000,2006-11-16,runnymede-wentworth,A
"11, WOLSEY ROAD, EAST MOLESEY, EAST MOLESEY, KT8 9EL",11,,WOLSEY ROAD,EAST MOLESEY,EAST MOLESEY,KT8 9EL,Elmbridge,Detached,,,,,,surrey-private-estates-2026-07-19-corrected-4,,,6500000,2006-11-01,elmbridge-prime,A
"7, SANDOWN AVENUE, ESHER, ESHER, KT10 9NT",7,,SANDOWN AVENUE,ESHER,ESHER,KT10 9NT,Elmbridge,Detached,,,,,,surrey-private-estates-2026-07-19-corrected-4,,,3250000,2006-10-31,elmbridge-prime,A
"STEPSTILE MEADOW, FLANCHFORD ROAD, REIGATE, REIGATE, RH2 8QZ",STEPSTILE MEADOW,,FLANCHFORD ROAD,REIGATE,REIGATE,RH2 8QZ,Reigate and Banstead,Detached,,,,,,surrey-private-estates-2026-07-19-corrected-4,,,3250000,2006-10-25,reigate-banstead,A
"14, BIRDS HILL DRIVE, OXSHOTT, LEATHERHEAD, KT22 0SP",14,,BIRDS HILL DRIVE,OXSHOTT,LEATHERHEAD,KT22 0SP,Elmbridge,Detached,,,,,,surrey-private-estates-2026-07-19-corrected-4,,,4300000,2006-10-19,elmbridge-prime,A
"GRAYSHURST, HIGHERCOMBE ROAD, HASLEMERE, HASLEMERE, GU27 2LH",GRAYSHURST,,HIGHERCOMBE ROAD,HASLEMERE,HASLEMERE,GU27 2LH,Waverley,Detached,,,,,,surrey-private-estates-2026-07-19-corrected-4,,,4300000,2006-10-18,waverley-south-surrey,A
"16, BLACKHILLS, ESHER, ESHER, KT10 9JW",16,,BLACKHILLS,ESHER,ESHER,KT10 9JW,Elmbridge,Detached,,,,,,surrey-private-estates-2026-07-19-corrected-4,,,3300000,2006-10-17,elmbridge-prime,A
"LITTLEWOOD, EAST DRIVE, VIRGINIA WATER, GU25 4JY",LITTLEWOOD,,EAST DRIVE,,VIRGINIA WATER,GU25 4JY,Runnymede,Detached,wentworth-estate,Wentworth Estate,A,traditional_private_estate,pe:wentworth-estate:east-drive:whole,surrey-private-estates-2026-07-19-corrected-4,verified,partial_ready,6450000,2006-10-04,runnymede-wentworth,A
"6, CLAREMONT PARK ROAD, ESHER, ESHER, KT10 9LT",6,,CLAREMONT PARK ROAD,ESHER,ESHER,KT10 9LT,Elmbridge,Detached,,,,,,surrey-private-estates-2026-07-19-corrected-4,,,4400000,2006-10-03,elmbridge-prime,A
"COMPTON HOUSE, FAIRMILE PARK ROAD, COBHAM, COBHAM, KT11 2PG",COMPTON HOUSE,,FAIRMILE PARK ROAD,COBHAM,COBHAM,KT11 2PG,Elmbridge,Detached,,,,,,surrey-private-estates-2026-07-19-corrected-4,,,3850000,2006-09-29,elmbridge-prime,A
"ELLESMERE, HILL HOUSE DRIVE, WEYBRIDGE, KT13 0NQ",ELLESMERE,,HILL HOUSE DRIVE,,WEYBRIDGE,KT13 0NQ,Elmbridge,Detached,st-georges-hill,St George's Hill,A,traditional_private_estate,pe:st-georges-hill:hill-house-drive:whole,surrey-private-estates-2026-07-19-corrected-4,verified,partial_ready,5500000,2006-09-07,elmbridge-prime,A
"CHARTERS, SOUTH RIDGE, WEYBRIDGE, WEYBRIDGE, KT13 0NF",CHARTERS,,SOUTH RIDGE,WEYBRIDGE,WEYBRIDGE,KT13 0NF,Elmbridge,Detached,st-georges-hill,St George's Hill,A,traditional_private_estate,pe:st-georges-hill:south-ridge:whole,surrey-private-estates-2026-07-19-corrected-4,verified,partial_ready,6000000,2006-08-31,elmbridge-prime,A
"LITTLE PORTNALL, NORTH DRIVE, VIRGINIA WATER, VIRGINIA WATER, GU25 4NQ",LITTLE PORTNALL,,NORTH DRIVE,VIRGINIA WATER,VIRGINIA WATER,GU25 4NQ,Runnymede,Detached,wentworth-estate,Wentworth Estate,A,traditional_private_estate,pe:wentworth-estate:north-drive:whole,surrey-private-estates-2026-07-19-corrected-4,verified,partial_ready,3750000,2006-08-31,runnymede-wentworth,A
"HATCHFORD HALL, OCKHAM LANE, COBHAM, COBHAM, KT11 1LP",HATCHFORD HALL,,OCKHAM LANE,COBHAM,COBHAM,KT11 1LP,Elmbridge,Detached,,,,,,surrey-private-estates-2026-07-19-corrected-4,,,3200000,2006-08-18,elmbridge-prime,A
"RADLEIGH HOUSE, RAVENSCROFT ROAD, WEYBRIDGE, WEYBRIDGE, KT13 0NX",RADLEIGH HOUSE,,RAVENSCROFT ROAD,WEYBRIDGE,WEYBRIDGE,KT13 0NX,Elmbridge,Detached,st-georges-hill,St George's Hill,A,traditional_private_estate,pe:st-georges-hill:ravenscroft-road:whole,surrey-private-estates-2026-07-19-corrected-4,verified,partial_ready,3800000,2006-08-07,elmbridge-prime,A
"WESTBOURN, PINEWOOD ROAD, VIRGINIA WATER, VIRGINIA WATER, GU25 4PY",WESTBOURN,,PINEWOOD ROAD,VIRGINIA WATER,VIRGINIA WATER,GU25 4PY,Runnymede,Detached,wentworth-estate,Wentworth Estate,A,traditional_private_estate,pe:wentworth-estate:pinewood-road:whole,surrey-private-estates-2026-07-19-corrected-4,verified,partial_ready,3500000,2006-08-04,runnymede-wentworth,A
"BROOMFIELD HOUSE, WESTWOOD ROAD, WINDLESHAM, WINDLESHAM, GU20 6LW",BROOMFIELD HOUSE,,WESTWOOD ROAD,WINDLESHAM,WINDLESHAM,GU20 6LW,Surrey Heath,Detached,,,,,,surrey-private-estates-2026-07-19-corrected-4,,,3125000,2006-08-03,surrey-heath,A
"SUMMERS, THE STREET, WEST CLANDON, GUILDFORD, GU4 7SY",SUMMERS,,THE STREET,WEST CLANDON,GUILDFORD,GU4 7SY,Guildford,Detached,,,,,,surrey-private-estates-2026-07-19-corrected-4,,,3100000,2006-07-24,guildford-district,A
"WOODHAY, SUNNINGHILL ROAD, WINDLESHAM, WINDLESHAM, GU20 6PP",WOODHAY,,SUNNINGHILL ROAD,WINDLESHAM,WINDLESHAM,GU20 6PP,Surrey Heath,Detached,,,,,,surrey-private-estates-2026-07-19-corrected-4,,,7400000,2006-07-21,surrey-heath,A
"WARREN MERE, WARRENERS LANE, WEYBRIDGE, WEYBRIDGE, KT13 0LH",WARREN MERE,,WARRENERS LANE,WEYBRIDGE,WEYBRIDGE,KT13 0LH,Elmbridge,Detached,st-georges-hill,St George's Hill,A,traditional_private_estate,pe:st-georges-hill:warreners-lane:whole,surrey-private-estates-2026-07-19-corrected-4,verified,partial_ready,4050000,2006-07-17,elmbridge-prime,A
"DUNSFOLD RYSE, HIGH STREET GREEN, CHIDDINGFOLD, GODALMING, GU8 4YA",DUNSFOLD RYSE,,HIGH STREET GREEN,CHIDDINGFOLD,GODALMING,GU8 4YA,Waverley,Detached,,,,,,surrey-private-estates-2026-07-19-corrected-4,,,3268000,2006-07-10,waverley-south-surrey,A
"22, MEADWAY, ESHER, ESHER, KT10 9HF",22,,MEADWAY,ESHER,ESHER,KT10 9HF,Elmbridge,Detached,,,,,,surrey-private-estates-2026-07-19-corrected-4,,,3275000,2006-07-05,elmbridge-prime,A
"PINE HILL, GRANVILLE ROAD, WEYBRIDGE, KT13 0QL",PINE HILL,,GRANVILLE ROAD,,WEYBRIDGE,KT13 0QL,Elmbridge,Detached,st-georges-hill,St George's Hill,A,traditional_private_estate,pe:st-georges-hill:granville-road:whole,surrey-private-estates-2026-07-19-corrected-4,verified,partial_ready,4725000,2006-06-27,elmbridge-prime,A
"BRAESIDE, THE WARREN, EAST HORSLEY, LEATHERHEAD, KT24 5RH",BRAESIDE,,THE WARREN,EAST HORSLEY,LEATHERHEAD,KT24 5RH,Guildford,Detached,,,,,,surrey-private-estates-2026-07-19-corrected-4,,,3103900,2006-06-21,guildford-district,A
"WOODLANDS, CAVENDISH ROAD, WEYBRIDGE, WEYBRIDGE, KT13 0JY",WOODLANDS,,CAVENDISH ROAD,WEYBRIDGE,WEYBRIDGE,KT13 0JY,Elmbridge,Detached,st-georges-hill,St George's Hill,A,traditional_private_estate,pe:st-georges-hill:cavendish-road:whole,surrey-private-estates-2026-07-19-corrected-4,verified,partial_ready,3000000,2006-06-20,elmbridge-prime,A
"KINGS CHASE, QUEENS DRIVE, OXSHOTT, LEATHERHEAD, KT22 0PF",KINGS CHASE,,QUEENS DRIVE,OXSHOTT,LEATHERHEAD,KT22 0PF,Elmbridge,Detached,,,,,,surrey-private-estates-2026-07-19-corrected-4,,,4500000,2006-06-14,elmbridge-prime,A
"MOONRIDGE, STAYNE END, VIRGINIA WATER, VIRGINIA WATER, GU25 4PB",MOONRIDGE,,STAYNE END,VIRGINIA WATER,VIRGINIA WATER,GU25 4PB,Runnymede,Detached,wentworth-estate,Wentworth Estate,A,traditional_private_estate,pe:wentworth-estate:stayne-end:whole,surrey-private-estates-2026-07-19-corrected-4,verified,partial_ready,4500000,2006-06-02,runnymede-wentworth,A
"SANDELLS HOUSE, CLIFTONS LANE, REIGATE, REIGATE, RH2 9RA",SANDELLS HOUSE,,CLIFTONS LANE,REIGATE,REIGATE,RH2 9RA,Reigate and Banstead,Detached,,,,,,surrey-private-estates-2026-07-19-corrected-4,,,3250000,2006-05-31,reigate-banstead,A
"FORTUNE MANOR, OLD AVENUE, WEYBRIDGE, WEYBRIDGE, KT13 0QB",FORTUNE MANOR,,OLD AVENUE,WEYBRIDGE,WEYBRIDGE,KT13 0QB,Elmbridge,Detached,,,,,,surrey-private-estates-2026-07-19-corrected-4,,,3000000,2006-05-18,elmbridge-prime,A
"TANGLEY, WEST ROAD, WEYBRIDGE, WEYBRIDGE, KT13 0LZ",TANGLEY,,WEST ROAD,WEYBRIDGE,WEYBRIDGE,KT13 0LZ,Elmbridge,Detached,st-georges-hill,St George's Hill,A,traditional_private_estate,pe:st-georges-hill:west-road:whole,surrey-private-estates-2026-07-19-corrected-4,verified,partial_ready,3000000,2006-05-12,elmbridge-prime,A
"BRAMBLETYE, OLD AVENUE, WEYBRIDGE, WEYBRIDGE, KT13 0QA",BRAMBLETYE,,OLD AVENUE,WEYBRIDGE,WEYBRIDGE,KT13 0QA,Elmbridge,Detached,,,,,,surrey-private-estates-2026-07-19-corrected-4,,,3100000,2006-05-05,elmbridge-prime,A
"LAKE HOUSE, GOLF CLUB ROAD, WEYBRIDGE, WEYBRIDGE, KT13 0NJ",LAKE HOUSE,,GOLF CLUB ROAD,WEYBRIDGE,WEYBRIDGE,KT13 0NJ,Elmbridge,Detached,st-georges-hill,St George's Hill,A,traditional_private_estate,pe:st-georges-hill:golf-club-road:whole,surrey-private-estates-2026-07-19-corrected-4,verified,partial_ready,6700000,2006-04-28,elmbridge-prime,A
"EASTWATER HOUSE, SNOWDENHAM LANE, BRAMLEY, GUILDFORD, GU5 0DB",EASTWATER HOUSE,,SNOWDENHAM LANE,BRAMLEY,GUILDFORD,GU5 0DB,Waverley,Detached,,,,,,surrey-private-estates-2026-07-19-corrected-4,,,4000000,2006-04-12,waverley-south-surrey,A
"12, BIRDS HILL ROAD, OXSHOTT, LEATHERHEAD, KT22 0NJ",12,,BIRDS HILL ROAD,OXSHOTT,LEATHERHEAD,KT22 0NJ,Elmbridge,Detached,,,,,,surrey-private-estates-2026-07-19-corrected-4,,,3850000,2006-04-10,elmbridge-prime,A
"HEATHRIDGE HOUSE, MOLES HILL, OXSHOTT, LEATHERHEAD, KT22 0QB",HEATHRIDGE HOUSE,,MOLES HILL,OXSHOTT,LEATHERHEAD,KT22 0QB,Elmbridge,Detached,,,,,,surrey-private-estates-2026-07-19-corrected-4,,,3050000,2006-03-24,elmbridge-prime,A
"ABBOTSWOOD, 8, ABBOTSWOOD DRIVE, WEYBRIDGE, WEYBRIDGE, KT13 0LT","ABBOTSWOOD, 8",,ABBOTSWOOD DRIVE,WEYBRIDGE,WEYBRIDGE,KT13 0LT,Elmbridge,Detached,st-georges-hill,St George's Hill,A,traditional_private_estate,pe:st-georges-hill:abbotswood-drive:whole,surrey-private-estates-2026-07-19-corrected-4,verified,partial_ready,3550000,2006-03-18,elmbridge-prime,A
"ORMIDALE, EAST ROAD, WEYBRIDGE, WEYBRIDGE, KT13 0LF",ORMIDALE,,EAST ROAD,WEYBRIDGE,WEYBRIDGE,KT13 0LF,Elmbridge,Detached,st-georges-hill,St George's Hill,A,traditional_private_estate,pe:st-georges-hill:east-road:whole,surrey-private-estates-2026-07-19-corrected-4,verified,partial_ready,4880000,2006-03-15,elmbridge-prime,A
"SILVANA, GRANVILLE CLOSE, WEYBRIDGE, WEYBRIDGE, KT13 0QH",SILVANA,,GRANVILLE CLOSE,WEYBRIDGE,WEYBRIDGE,KT13 0QH,Elmbridge,Detached,st-georges-hill,St George's Hill,A,traditional_private_estate,pe:st-georges-hill:granville-close:whole,surrey-private-estates-2026-07-19-corrected-4,verified,partial_ready,3000000,2005-12-20,elmbridge-prime,A
"PINE HILL, GRANVILLE ROAD, WEYBRIDGE, KT13 0QL",PINE HILL,,GRANVILLE ROAD,,WEYBRIDGE,KT13 0QL,Elmbridge,Detached,st-georges-hill,St George's Hill,A,traditional_private_estate,pe:st-georges-hill:granville-road:whole,surrey-private-estates-2026-07-19-corrected-4,verified,partial_ready,3250000,2005-12-16,elmbridge-prime,A
"SILVER BIRCHES, WEST DRIVE, VIRGINIA WATER, GU25 4NE",SILVER BIRCHES,,WEST DRIVE,,VIRGINIA WATER,GU25 4NE,Runnymede,Detached,wentworth-estate,Wentworth Estate,A,traditional_private_estate,pe:wentworth-estate:west-drive:whole,surrey-private-estates-2026-07-19-corrected-4,verified,partial_ready,3750000,2005-11-25,runnymede-wentworth,A
"41, PRINCES DRIVE, OXSHOTT, LEATHERHEAD, KT22 0UL",41,,PRINCES DRIVE,OXSHOTT,LEATHERHEAD,KT22 0UL,Elmbridge,Detached,,,,,,surrey-private-estates-2026-07-19-corrected-4,,,3000000,2005-11-25,elmbridge-prime,A
"11, OAKWOOD ROAD, VIRGINIA WATER, GU25 4RZ",11,,OAKWOOD ROAD,,VIRGINIA WATER,GU25 4RZ,Runnymede,Detached,,,,,,surrey-private-estates-2026-07-19-corrected-4,,,3250000,2005-11-24,runnymede-wentworth,A
"WALDENHURST, SOUTH ROAD, ST GEORGES HILL, WEYBRIDGE, KT13 0NA",WALDENHURST,,SOUTH ROAD,ST GEORGES HILL,WEYBRIDGE,KT13 0NA,Elmbridge,Detached,st-georges-hill,St George's Hill,A,traditional_private_estate,pe:st-georges-hill:south-road:whole,surrey-private-estates-2026-07-19-corrected-4,verified,partial_ready,4500000,2005-11-23,elmbridge-prime,A
"FIRWOOD HOUSE, FIRWOOD ROAD, VIRGINIA WATER, VIRGINIA WATER, GU25 4NG",FIRWOOD HOUSE,,FIRWOOD ROAD,VIRGINIA WATER,VIRGINIA WATER,GU25 4NG,Runnymede,Detached,wentworth-estate,Wentworth Estate,A,traditional_private_estate,pe:wentworth-estate:firwood-road:whole,surrey-private-estates-2026-07-19-corrected-4,verified,partial_ready,3900000,2005-10-21,runnymede-wentworth,A
"QUEEN ANNE HOUSE, QUEENS DRIVE, OXSHOTT, LEATHERHEAD, KT22 0PB",QUEEN ANNE HOUSE,,QUEENS DRIVE,OXSHOTT,LEATHERHEAD,KT22 0PB,Elmbridge,Detached,,,,,,surrey-private-estates-2026-07-19-corrected-4,,,4345000,2005-09-30,elmbridge-prime,A
"CASPIAN HOUSE, EAST ROAD, WEYBRIDGE, WEYBRIDGE, KT13 0LB",CASPIAN HOUSE,,EAST ROAD,WEYBRIDGE,WEYBRIDGE,KT13 0LB,Elmbridge,Detached,st-georges-hill,St George's Hill,A,traditional_private_estate,pe:st-georges-hill:east-road:whole,surrey-private-estates-2026-07-19-corrected-4,verified,partial_ready,3595000,2005-09-23,elmbridge-prime,A
"30, ESHER PARK AVENUE, ESHER, KT10 9NX",30,,ESHER PARK AVENUE,,ESHER,KT10 9NX,Elmbridge,Detached,,,,,,surrey-private-estates-2026-07-19-corrected-4,,,5000000,2005-08-16,elmbridge-prime,A
"ABBOTSWOOD LODGE, SEVEN HILLS ROAD, WALTON-ON-THAMES, KT12 4DF",ABBOTSWOOD LODGE,,SEVEN HILLS ROAD,,WALTON-ON-THAMES,KT12 4DF,Elmbridge,Detached,,,,,,surrey-private-estates-2026-07-19-corrected-4,,,3165000,2005-07-28,elmbridge-prime,A
"9, BIRDS HILL DRIVE, OXSHOTT, LEATHERHEAD, KT22 0SP",9,,BIRDS HILL DRIVE,OXSHOTT,LEATHERHEAD,KT22 0SP,Elmbridge,Detached,,,,,,surrey-private-estates-2026-07-19-corrected-4,,,3200000,2004-12-14,elmbridge-prime,A
"WILTON HOUSE, MOLES HILL, OXSHOTT, LEATHERHEAD, KT22 0QB",WILTON HOUSE,,MOLES HILL,OXSHOTT,LEATHERHEAD,KT22 0QB,Elmbridge,Detached,,,,,,surrey-private-estates-2026-07-19-corrected-4,,,3250000,2004-12-08,elmbridge-prime,A
"KINGS CHASE, CAVENDISH ROAD, WEYBRIDGE, KT13 0JT",KINGS CHASE,,CAVENDISH ROAD,,WEYBRIDGE,KT13 0JT,Elmbridge,Detached,st-georges-hill,St George's Hill,A,traditional_private_estate,pe:st-georges-hill:cavendish-road:whole,surrey-private-estates-2026-07-19-corrected-4,verified,partial_ready,4200000,2004-10-13,elmbridge-prime,A
"ARUNDEL LODGE, EAST ROAD, WEYBRIDGE, WEYBRIDGE, KT13 0LB",ARUNDEL LODGE,,EAST ROAD,WEYBRIDGE,WEYBRIDGE,KT13 0LB,Elmbridge,Detached,st-georges-hill,St George's Hill,A,traditional_private_estate,pe:st-georges-hill:east-road:whole,surrey-private-estates-2026-07-19-corrected-4,verified,partial_ready,3250000,2004-09-13,elmbridge-prime,A
"CULLEN HOUSE, CAMP END ROAD, WEYBRIDGE, WEYBRIDGE, KT13 0NR",CULLEN HOUSE,,CAMP END ROAD,WEYBRIDGE,WEYBRIDGE,KT13 0NR,Elmbridge,Detached,st-georges-hill,St George's Hill,A,traditional_private_estate,pe:st-georges-hill:camp-end-road:whole,surrey-private-estates-2026-07-19-corrected-4,verified,partial_ready,3150000,2004-04-30,elmbridge-prime,A
"3, BIRDS HILL DRIVE, OXSHOTT, LEATHERHEAD, KT22 0SP",3,,BIRDS HILL DRIVE,OXSHOTT,LEATHERHEAD,KT22 0SP,Elmbridge,Detached,,,,,,surrey-private-estates-2026-07-19-corrected-4,,,3250000,2004-04-22,elmbridge-prime,A
"CHURCHILL HOUSE, PORTNALL RISE, VIRGINIA WATER, VIRGINIA WATER, GU25 4JZ",CHURCHILL HOUSE,,PORTNALL RISE,VIRGINIA WATER,VIRGINIA WATER,GU25 4JZ,Runnymede,Detached,wentworth-estate,Wentworth Estate,A,traditional_private_estate,pe:wentworth-estate:portnall-rise:whole,surrey-private-estates-2026-07-19-corrected-4,verified,partial_ready,3850000,2004-03-11,runnymede-wentworth,A
"STRATFIELD HOUSE, WELLINGTON AVENUE, VIRGINIA WATER, VIRGINIA WATER, GU25 4QN",STRATFIELD HOUSE,,WELLINGTON AVENUE,VIRGINIA WATER,VIRGINIA WATER,GU25 4QN,Runnymede,Detached,,,,,,surrey-private-estates-2026-07-19-corrected-4,,,3000000,2004-01-27,runnymede-wentworth,A
"CINNABAR, PORTNALL DRIVE, VIRGINIA WATER, VIRGINIA WATER, GU25 4NR",CINNABAR,,PORTNALL DRIVE,VIRGINIA WATER,VIRGINIA WATER,GU25 4NR,Runnymede,Detached,wentworth-estate,Wentworth Estate,A,traditional_private_estate,pe:wentworth-estate:portnall-drive:whole,surrey-private-estates-2026-07-19-corrected-4,verified,partial_ready,3800000,2003-10-01,runnymede-wentworth,A
"FIRS COTTAGE, PORTSMOUTH ROAD, ESHER, ESHER, KT10 9JH",FIRS COTTAGE,,PORTSMOUTH ROAD,ESHER,ESHER,KT10 9JH,Elmbridge,Detached,,,,,,surrey-private-estates-2026-07-19-corrected-4,,,4000000,2003-09-29,elmbridge-prime,A
"THE RED LODGE, BRIGHTON ROAD, KINGSWOOD, TADWORTH, KT20 6UQ",THE RED LODGE,,BRIGHTON ROAD,KINGSWOOD,TADWORTH,KT20 6UQ,Reigate and Banstead,Detached,,,,,,surrey-private-estates-2026-07-19-corrected-4,,,3100000,2003-08-18,reigate-banstead,A
"CORNERWAYS, WEST ROAD, WEYBRIDGE, WEYBRIDGE, KT13 0LY",CORNERWAYS,,WEST ROAD,WEYBRIDGE,WEYBRIDGE,KT13 0LY,Elmbridge,Detached,st-georges-hill,St George's Hill,A,traditional_private_estate,pe:st-georges-hill:west-road:whole,surrey-private-estates-2026-07-19-corrected-4,verified,partial_ready,3275000,2003-02-07,elmbridge-prime,A
"NEW PIPERS, GORSE HILL ROAD, VIRGINIA WATER, VIRGINIA WATER, GU25 4AP",NEW PIPERS,,GORSE HILL ROAD,VIRGINIA WATER,VIRGINIA WATER,GU25 4AP,Runnymede,Detached,,,,,,surrey-private-estates-2026-07-19-corrected-4,,,3500000,2002-12-23,runnymede-wentworth,A
"BROOK HOUSE, WESTWOOD ROAD, WINDLESHAM, GU20 6LX",BROOK HOUSE,,WESTWOOD ROAD,,WINDLESHAM,GU20 6LX,Surrey Heath,Detached,,,,,,surrey-private-estates-2026-07-19-corrected-4,,,3575000,2002-11-22,surrey-heath,A
"LAKE HOUSE, LAKE ROAD, VIRGINIA WATER, VIRGINIA WATER, GU25 4QW",LAKE HOUSE,,LAKE ROAD,VIRGINIA WATER,VIRGINIA WATER,GU25 4QW,Runnymede,Detached,wentworth-estate,Wentworth Estate,A,traditional_private_estate,pe:wentworth-estate:lake-road:whole,surrey-private-estates-2026-07-19-corrected-4,verified,partial_ready,3300000,2002-10-31,runnymede-wentworth,A
"LILLIAN FELS, PEASLAKE ROAD, EWHURST, CRANLEIGH, GU6 7NT",LILLIAN FELS,,PEASLAKE ROAD,EWHURST,CRANLEIGH,GU6 7NT,Waverley,Detached,,,,,,surrey-private-estates-2026-07-19-corrected-4,,,4075000,2002-10-11,waverley-south-surrey,A
"HILL HOUSE, WARRENERS LANE, WEYBRIDGE, WEYBRIDGE, KT13 0LH",HILL HOUSE,,WARRENERS LANE,WEYBRIDGE,WEYBRIDGE,KT13 0LH,Elmbridge,Detached,st-georges-hill,St George's Hill,A,traditional_private_estate,pe:st-georges-hill:warreners-lane:whole,surrey-private-estates-2026-07-19-corrected-4,verified,partial_ready,6250000,2002-08-30,elmbridge-prime,A
"BARNFIELD, ALFOLD ROAD, DUNSFOLD, GODALMING, GU8 4NP",BARNFIELD,,ALFOLD ROAD,DUNSFOLD,GODALMING,GU8 4NP,Waverley,Detached,,,,,,surrey-private-estates-2026-07-19-corrected-4,,,3275000,2002-08-07,waverley-south-surrey,A
"CASTANEA, LAKE ROAD, VIRGINIA WATER, VIRGINIA WATER, GU25 4QW",CASTANEA,,LAKE ROAD,VIRGINIA WATER,VIRGINIA WATER,GU25 4QW,Runnymede,Detached,wentworth-estate,Wentworth Estate,A,traditional_private_estate,pe:wentworth-estate:lake-road:whole,surrey-private-estates-2026-07-19-corrected-4,verified,partial_ready,3246000,2002-07-12,runnymede-wentworth,A
"SILVER BIRCHES, WEST DRIVE, VIRGINIA WATER, VIRGINIA WATER, GU25 4NE",SILVER BIRCHES,,WEST DRIVE,VIRGINIA WATER,VIRGINIA WATER,GU25 4NE,Runnymede,Detached,wentworth-estate,Wentworth Estate,A,traditional_private_estate,pe:wentworth-estate:west-drive:whole,surrey-private-estates-2026-07-19-corrected-4,verified,partial_ready,3650000,2002-07-03,runnymede-wentworth,A
"MOUNT HOUSE, WAVERLEY DRIVE, VIRGINIA WATER, VIRGINIA WATER, GU25 4PZ",MOUNT HOUSE,,WAVERLEY DRIVE,VIRGINIA WATER,VIRGINIA WATER,GU25 4PZ,Runnymede,Detached,wentworth-estate,Wentworth Estate,A,traditional_private_estate,pe:wentworth-estate:waverley-drive:whole,surrey-private-estates-2026-07-19-corrected-4,verified,partial_ready,8275000,2002-06-25,runnymede-wentworth,A
"THE BEESNEST, SHEPLEY DRIVE, ASCOT, ASCOT, SL5 0LH",THE BEESNEST,,SHEPLEY DRIVE,ASCOT,ASCOT,SL5 0LH,Runnymede,Detached,,,,,,surrey-private-estates-2026-07-19-corrected-4,,,4624072,2002-05-29,runnymede-wentworth,A
"DUNLUCE, ACCOMMODATION ROAD, LONGCROSS, CHERTSEY, KT16 0EQ",DUNLUCE,,ACCOMMODATION ROAD,LONGCROSS,CHERTSEY,KT16 0EQ,Runnymede,Detached,,,,,,surrey-private-estates-2026-07-19-corrected-4,,,3300000,2002-05-27,runnymede-wentworth,A
"16, BLACKHILLS, ESHER, ESHER, KT10 9JW",16,,BLACKHILLS,ESHER,ESHER,KT10 9JW,Elmbridge,Detached,,,,,,surrey-private-estates-2026-07-19-corrected-4,,,3100000,2002-05-03,elmbridge-prime,A
"ST. GEORGES HILL HOUSE, HILL HOUSE DRIVE, WEYBRIDGE, KT13 0NQ",ST. GEORGES HILL HOUSE,,HILL HOUSE DRIVE,,WEYBRIDGE,KT13 0NQ,Elmbridge,Detached,st-georges-hill,St George's Hill,A,traditional_private_estate,pe:st-georges-hill:hill-house-drive:whole,surrey-private-estates-2026-07-19-corrected-4,verified,partial_ready,6060000,2002-04-12,elmbridge-prime,A
"14, ABBOTS DRIVE, VIRGINIA WATER, VIRGINIA WATER, GU25 4SE",14,,ABBOTS DRIVE,VIRGINIA WATER,VIRGINIA WATER,GU25 4SE,Runnymede,Detached,wentworth-estate,Wentworth Estate,A,traditional_private_estate,pe:wentworth-estate:abbots-drive:whole,surrey-private-estates-2026-07-19-corrected-4,verified,partial_ready,3125000,2002-03-28,runnymede-wentworth,A
"HERONS WOOD, WESTWOOD ROAD, WINDLESHAM, WINDLESHAM, GU20 6LP",HERONS WOOD,,WESTWOOD ROAD,WINDLESHAM,WINDLESHAM,GU20 6LP,Surrey Heath,Detached,,,,,,surrey-private-estates-2026-07-19-corrected-4,,,3400000,2002-03-26,surrey-heath,A
"WESTBOURN, PINEWOOD ROAD, VIRGINIA WATER, VIRGINIA WATER, GU25 4PY",WESTBOURN,,PINEWOOD ROAD,VIRGINIA WATER,VIRGINIA WATER,GU25 4PY,Runnymede,Detached,wentworth-estate,Wentworth Estate,A,traditional_private_estate,pe:wentworth-estate:pinewood-road:whole,surrey-private-estates-2026-07-19-corrected-4,verified,partial_ready,3200000,2002-03-07,runnymede-wentworth,A
"BALMORAL, QUEENS DRIVE, OXSHOTT, LEATHERHEAD, KT22 0PF",BALMORAL,,QUEENS DRIVE,OXSHOTT,LEATHERHEAD,KT22 0PF,Elmbridge,Detached,,,,,,surrey-private-estates-2026-07-19-corrected-4,,,3028000,2002-03-05,elmbridge-prime,A
"QUEENS COURT, QUEENS DRIVE, OXSHOTT, LEATHERHEAD, KT22 0PB",QUEENS COURT,,QUEENS DRIVE,OXSHOTT,LEATHERHEAD,KT22 0PB,Elmbridge,Detached,,,,,,surrey-private-estates-2026-07-19-corrected-4,,,3300000,2001-08-31,elmbridge-prime,A
"WOODSOME CORNER, EAST ROAD, WEYBRIDGE, WEYBRIDGE, KT13 0LD",WOODSOME CORNER,,EAST ROAD,WEYBRIDGE,WEYBRIDGE,KT13 0LD,Elmbridge,Detached,st-georges-hill,St George's Hill,A,traditional_private_estate,pe:st-georges-hill:east-road:whole,surrey-private-estates-2026-07-19-corrected-4,verified,partial_ready,3250000,2001-08-21,elmbridge-prime,A
"NORTH DRIVE LODGE, NORTH DRIVE, VIRGINIA WATER, VIRGINIA WATER, GU25 4NL",NORTH DRIVE LODGE,,NORTH DRIVE,VIRGINIA WATER,VIRGINIA WATER,GU25 4NL,Runnymede,Detached,wentworth-estate,Wentworth Estate,A,traditional_private_estate,pe:wentworth-estate:north-drive:whole,surrey-private-estates-2026-07-19-corrected-4,verified,partial_ready,3500000,2001-07-15,runnymede-wentworth,A
"BACHELORS FARM, LONG REACH, OCKHAM, WOKING, GU23 6PG",BACHELORS FARM,,LONG REACH,OCKHAM,WOKING,GU23 6PG,Guildford,Detached,,,,,,surrey-private-estates-2026-07-19-corrected-4,,,3050000,2001-02-28,guildford-district,A
"ELLESMERE, HILL HOUSE DRIVE, WEYBRIDGE, WEYBRIDGE, KT13 0NQ",ELLESMERE,,HILL HOUSE DRIVE,WEYBRIDGE,WEYBRIDGE,KT13 0NQ,Elmbridge,Detached,st-georges-hill,St George's Hill,A,traditional_private_estate,pe:st-georges-hill:hill-house-drive:whole,surrey-private-estates-2026-07-19-corrected-4,verified,partial_ready,3885000,2001-01-12,elmbridge-prime,A
"BIRCHES OVER, WOOD LANE, WEYBRIDGE, KT13 0JU",BIRCHES OVER,,WOOD LANE,,WEYBRIDGE,KT13 0JU,Elmbridge,Detached,st-georges-hill,St George's Hill,A,traditional_private_estate,pe:st-georges-hill:wood-lane:whole,surrey-private-estates-2026-07-19-corrected-4,verified,partial_ready,4150000,2000-10-31,elmbridge-prime,A
"DORCHESTER HOUSE, PORTNALL RISE, VIRGINIA WATER, GU25 4JZ",DORCHESTER HOUSE,,PORTNALL RISE,,VIRGINIA WATER,GU25 4JZ,Runnymede,Detached,wentworth-estate,Wentworth Estate,A,traditional_private_estate,pe:wentworth-estate:portnall-rise:whole,surrey-private-estates-2026-07-19-corrected-4,verified,partial_ready,3000000,2000-10-16,runnymede-wentworth,A
"HAZEL HALL, POND LANE, PEASLAKE, GUILDFORD, GU5 9RS",HAZEL HALL,,POND LANE,PEASLAKE,GUILDFORD,GU5 9RS,Guildford,Semi Detached,,,,,,surrey-private-estates-2026-07-19-corrected-4,,,4450000,2000-09-12,guildford-district,A
"CHILTON HOUSE, RAVENSCROFT ROAD, WEYBRIDGE, KT13 0NX",CHILTON HOUSE,,RAVENSCROFT ROAD,,WEYBRIDGE,KT13 0NX,Elmbridge,Detached,st-georges-hill,St George's Hill,A,traditional_private_estate,pe:st-georges-hill:ravenscroft-road:whole,surrey-private-estates-2026-07-19-corrected-4,verified,partial_ready,3125000,2000-07-10,elmbridge-prime,A
"SQUIRRELS WOOD, NORTH DRIVE, VIRGINIA WATER, GU25 4NQ",SQUIRRELS WOOD,,NORTH DRIVE,,VIRGINIA WATER,GU25 4NQ,Runnymede,Detached,wentworth-estate,Wentworth Estate,A,traditional_private_estate,pe:wentworth-estate:north-drive:whole,surrey-private-estates-2026-07-19-corrected-4,verified,partial_ready,3025000,2000-07-04,runnymede-wentworth,A
"2, CHERRY TREE, PICKHURST ROAD, CHIDDINGFOLD, GODALMING, GU8 4TG",CHERRY TREE,2,PICKHURST ROAD,CHIDDINGFOLD,GODALMING,GU8 4TG,Waverley,Detached,,,,,,surrey-private-estates-2026-07-19-corrected-4,,,3100000,2000-06-29,waverley-south-surrey,A
"THANKERTON LODGE, LONDON ROAD, WINDLESHAM, GU20 6LQ",THANKERTON LODGE,,LONDON ROAD,,WINDLESHAM,GU20 6LQ,Surrey Heath,Detached,,,,,,surrey-private-estates-2026-07-19-corrected-4,,,3600000,1999-12-21,surrey-heath,A
"DEVILLE COURT, 2, HEATH ROAD, WEYBRIDGE, KT13 8TB","DEVILLE COURT, 2",,HEATH ROAD,,WEYBRIDGE,KT13 8TB,Elmbridge,Detached,,,,,,surrey-private-estates-2026-07-19-corrected-4,,,4226505,1999-10-22,elmbridge-prime,A
"HUSH WILLOWS, WENTWORTH DRIVE, VIRGINIA WATER, GU25 4NY",HUSH WILLOWS,,WENTWORTH DRIVE,,VIRGINIA WATER,GU25 4NY,Runnymede,Detached,wentworth-estate,Wentworth Estate,A,traditional_private_estate,pe:wentworth-estate:wentworth-drive:whole,surrey-private-estates-2026-07-19-corrected-4,verified,partial_ready,3400000,1999-09-29,runnymede-wentworth,A
"PENTLANDS, CAMP END ROAD, WEYBRIDGE, KT13 0NR",PENTLANDS,,CAMP END ROAD,,WEYBRIDGE,KT13 0NR,Elmbridge,Detached,st-georges-hill,St George's Hill,A,traditional_private_estate,pe:st-georges-hill:camp-end-road:whole,surrey-private-estates-2026-07-19-corrected-4,verified,partial_ready,3000000,1999-08-27,elmbridge-prime,A
"HOLMDALE COTTAGE, HOLMBURY ST MARY, DORKING, RH5 6NR",HOLMDALE COTTAGE,,,HOLMBURY ST MARY,DORKING,RH5 6NR,Guildford,Detached,,,,,,surrey-private-estates-2026-07-19-corrected-4,,,3799500,1999-07-19,guildford-district,A
"ROCKWOOD, OLD AVENUE, WEYBRIDGE, KT13 0QA",ROCKWOOD,,OLD AVENUE,,WEYBRIDGE,KT13 0QA,Elmbridge,Detached,,,,,,surrey-private-estates-2026-07-19-corrected-4,,,3350000,1999-04-22,elmbridge-prime,A
"EAST COTTAGE, CHOBHAM PLACE, CHOBHAM, WOKING, GU24 8TN",EAST COTTAGE,,CHOBHAM PLACE,CHOBHAM,WOKING,GU24 8TN,Surrey Heath,Detached,,,,,,surrey-private-estates-2026-07-19-corrected-4,,,5650000,1996-11-15,surrey-heath,A
"THORNETS HOUSE, BUILDER GARDENS, LEATHERHEAD, KT22 7DE",THORNETS HOUSE,,BUILDER GARDENS,,LEATHERHEAD,KT22 7DE,Mole Valley,Flat Maisonette,,,,,,surrey-private-estates-2026-07-19-corrected-4,,,5610000,1995-01-09,mole-valley,A
